Block,Name,Coordinate source,Latitude,Longitude,Hidden search terms (semicolon separated),Written directions from main gate
B1,Block 1,"from site plan, about 6 m",51.8896729,-8.4627160,,
B2,Block 2,surveyed,51.8892786,-8.4614196,hearing test; hearing aid; audiogram; tinnitus; ear appointment,
B3,Block 3,"from site plan, about 6 m",51.8891602,-8.4601006,,
B4,Block 4,"from site plan, about 6 m",51.8890298,-8.4597626,scan; imaging; chest x ray; radiology appointment,
B6,Block 6,"from site plan, about 6 m",51.8888068,-8.4591177,,
B7,Block 7,"from site plan, about 6 m",51.8889149,-8.4599314,,
B8,Block 8,"from site plan, about 6 m",51.8886183,-8.4600481,smear test; cervical check; colposcopy appointment; day centre,
B11,Block 11,"from site plan, about 6 m",51.8875228,-8.4610597,swab; specimen; sample drop off; culture,
B12,Block 12,"from site plan, about 6 m",51.8874769,-8.4605706,blood test; bloods; phlebotomy; fbc; sample; blood sample,
B13,Block 13,surveyed,51.8879827,-8.4595644,,
B15,Block 15,surveyed,51.8877850,-8.4606992,prescription; medicines; brace fitting; orthodontic appointment; sterile services,
B16,Block 16 · Ravenscourt,surveyed,51.8873944,-8.4595487,dental appointment; filling; extraction; check up; dental review,
B17,Block 17,"from site plan, about 6 m",51.8871966,-8.4599918,,
B18,Block 18,surveyed,51.8870496,-8.4599568,,
B19,Block 19,"from site plan, about 6 m",51.8871937,-8.4609378,donate blood; transfusion; crossmatch; blood donation,
B20,Block 20,"from site plan, about 6 m",51.8873213,-8.4611354,,
B21,Block 21,"from site plan, about 6 m",51.8869842,-8.4605373,,
B22,Block 22,"from site plan, about 6 m",51.8869296,-8.4602128,counselling appointment; psychology appointment; assessment,
B23,Block 23,"from site plan, about 6 m",51.8868597,-8.4598942,counselling appointment; psychology appointment,
B24,Block 24,surveyed,51.8867457,-8.4597527,,
B26,Block 26,"from site plan, about 6 m",51.8864537,-8.4610160,childrens ot; paediatric therapy; child ot appointment,
B32,Block 32,"from site plan, about 6 m",51.8864010,-8.4614972,,
B33,Block 33,"from site plan, about 6 m",51.8862250,-8.4611766,,
B34,Block 34,"from site plan, about 6 m",51.8863226,-8.4618620,physiotherapy appointment; occupational therapy appointment; antenatal; midwife appointment; home birth,
B35,Block 35 · St Joseph’s CNU,surveyed,51.8859796,-8.4622050,speech therapy; swallow assessment; lung function; spirometry; pulmonary rehab appointment; dietitian appointment,
B36,Block 36,"from site plan, about 6 m",51.8860898,-8.4615404,vaccination; vaccine; flu jab; immunisation appointment; school vaccination,
B37,Block 37 · Flower Pot Café,surveyed (not used for fitting),51.8859930,-8.4607050,,
B38,Block 38,"from site plan, about 6 m",51.8859374,-8.4610982,developmental check; child health appointment; public health nurse,
B41,Block 41,surveyed,51.8865455,-8.4612890,,
B47,Block 47,surveyed,51.8883467,-8.4609916,dental appointment; filling; extraction; check up,
B48,Block 48,"from site plan, about 6 m",51.8882448,-8.4619334,,
B49,Block 49,surveyed,51.8888295,-8.4594557,,
B51,Block 51,"from site plan, about 6 m",51.8857628,-8.4622058,,
B52,Block 52,surveyed (not used for fitting),51.8883828,-8.4626836,,
CNU,Community Nursing Unit,surveyed (not used for fitting),51.8887939,-8.4621747,,
E1,"Pedestrian entrance, Douglas Road",surveyed,51.8896818,-8.4610584,,
E2,"Car entrance, Douglas Road",surveyed,51.8894690,-8.4605397,,
E5,"Car exit, Douglas Road",surveyed (not used for fitting),51.8896578,-8.4610187,,
E4,"Pedestrian entrance, east",surveyed (not used for fitting),51.8894025,-8.4603890,,
E3,South Douglas Road entrance,surveyed (not used for fitting),51.8851123,-8.4613012,,
P1,Main car park,"from site plan, about 6 m",51.8888285,-8.4614374,,
L1,Gate Lodge,"from site plan, about 6 m",51.8892423,-8.4602852,,
L2,Oak Lodge,"from site plan, about 6 m",51.8893622,-8.4594207,,
L3,Arbour House,"from site plan, about 6 m",51.8898402,-8.4615655,,
M1,Maintenance & stores,"from site plan, about 6 m",51.8874622,-8.4615957,,