GUID,GEOGID,GEOGDESC,Reference Geography,LA_GUID,LOCAL_AUTHORITY,LA_CODE,COUNTY,CONTAE,PROVINCE,NUTS3,NUTS3_NAME,NUTS2,NUTS2_NAME,NUTS1,NUTS1_NAME,Total - Females (Normalisation),Total - Males (Normalisation),Total Population (Normalisation),Occupied (Normalisation),Temporarily absent (Normalisation),Unoccupied holiday homes (Normalisation),Other vacant dwellings (Normalisation),Total dwellings (Normalisation),AREA,Area unit of measure,Shape__Area,Shape__Length,GUID,Age 0 - Males,Age 1 - Males,Age 2 - Males,Age 3 - Males,Age 4 - Males,Age 5 - Males,Age 6 - Males,Age 7 - Males,Age 8 - Males,Age 9 - Males,Age 10 - Males,Age 11 - Males,Age 12 - Males,Age 13 - Males,Age 14 - Males,Age 15 - Males,Age 16 - Males,Age 17 - Males,Age 18 - Males,Age 19 - Males,Age 20 - 24 - Males,Age 25 - 29 - Males,Age 30 - 34 - Males,Age 35 - 39 - Males,Age 40 - 44 - Males,Age 45 - 49 - Males,Age 50 - 54 - Males,Age 55 - 59 - Males,Age 60 - 64 - Males,Age 65 - 69 - Males,Age 70 - 74 - Males,Age 75 - 79 - Males,Age 80 - 84 - Males,Age 85 and over - Males,Total - Males,Age 0 - Females,Age 1 - Females,Age 2 - Females,Age 3 - Females,Age 4 - Females,Age 5 - Females,Age 6 - Females,Age 7 - Females,Age 8 - Females,Age 9 - Females,Age 10 - Females,Age 11 - Females,Age 12 - Females,Age 13 - Females,Age 14 - Females,Age 15 - Females,Age 16 - Females,Age 17 - Females,Age 18 - Females,Age 19 - Females,Age 20 - 24 - Females,Age 25 - 29 - Females,Age 30 - 34 - Females,Age 35 - 39 - Females,Age 40 - 44 - Females,Age 45 - 49 - Females,Age 50 - 54 - Females,Age 55 - 59 - Females,Age 60 - 64 - Females,Age 65 - 69 - Females,Age 70 - 74 - Females,Age 75 - 79 - Females,Age 80 - 84 - Females,Age 85 and over - Females,Total - Females,Age 0 - Total,Age 1 - Total,Age 2 - Total,Age 3 - Total,Age 4 - Total,Age 5 - Total,Age 6 - Total,Age 7 - Total,Age 8 - Total,Age 9 - Total,Age 10 - Total,Age 11 - Total,Age 12 - Total,Age 13 - Total,Age 14 - Total,Age 15 - Total,Age 16 - Total,Age 17 - Total,Age 18 - Total,Age 19 - Total,Age 20 - 24 - Total,Age 25 - 29 - Total,Age 30 - 34 - Total,Age 35 - 39 - Total,Age 40 - 44 - Total,Age 45 - 49 - Total,Age 50 - 54 - Total,Age 55 - 59 - Total,Age 60 - 64 - Total,Age 65 - 69 - Total,Age 70 - 74 - Total,Age 75 - 79 - Total,Age 80 - 84 - Total,Age 85 and over - Total,Total,ObjectId
2ae19629-149a-13a3-e055-000000000001,WD,WD,ADMINISTRATIVE_COUNTIES_2019,2ae19629-149a-13a3-e055-000000000001,WATERFORD CITY AND COUNTY COUNCIL,WD,WATERFORD,Port Láirge,Munster,IE052,South-East,IE05,Southern,IE0,Ireland,64268,63095,127363,47976,853,2147,3871,54847,1858,Sq KM,1857827372.84134,400184.69991239,2ae19629-149a-13a3-e055-000000000001,678,664,664,755,756,787,847,848,916,901,904,934,984,942,960,954,945,863,882,826,3768,3163,3599,4164,4818,4479,4259,4166,3601,3197,2633,2085,1243,910,63095,662,602,665,721,634,728,780,841,820,826,871,943,949,985,896,872,866,862,817,767,3559,3254,3865,4663,5074,4693,4285,4116,3688,3150,2761,2207,1430,1416,64268,1340,1266,1329,1476,1390,1515,1627,1689,1736,1727,1775,1877,1933,1927,1856,1826,1811,1725,1699,1593,7327,6417,7464,8827,9892,9172,8544,8282,7289,6347,5394,4292,2673,2326,127363,1
2ae19629-1497-13a3-e055-000000000001,RN,RN,ADMINISTRATIVE_COUNTIES_2019,2ae19629-1497-13a3-e055-000000000001,ROSCOMMON COUNTY COUNCIL,RN,ROSCOMMON,Ros Comáin,Connacht,IE042,West,IE04,Northern and Western,IE0,Ireland,35089,35170,70259,26097,426,1327,4279,32129,2547,Sq KM,2547168666.67206,423737.256838059,2ae19629-1497-13a3-e055-000000000001,382,380,465,441,427,471,450,507,512,546,524,553,508,549,523,511,503,481,487,373,1686,1514,1781,2278,2523,2501,2409,2349,2180,2061,1678,1267,738,612,35170,366,384,428,418,406,442,473,504,470,483,484,505,539,488,473,491,511,482,412,355,1567,1455,1872,2475,2689,2430,2323,2273,2206,1974,1665,1247,847,952,35089,748,764,893,859,833,913,923,1011,982,1029,1008,1058,1047,1037,996,1002,1014,963,899,728,3253,2969,3653,4753,5212,4931,4732,4622,4386,4035,3343,2514,1585,1564,70259,2
2ae19629-14a4-13a3-e055-000000000001,DL,DL,ADMINISTRATIVE_COUNTIES_2019,2ae19629-14a4-13a3-e055-000000000001,DONEGAL COUNTY COUNCIL,DL,DONEGAL,Dún na nGall,Ulster,IE041,Border,IE04,Northern and Western,IE0,Ireland,84289,82795,167084,62357,1533,12485,9615,85990,4861,Sq KM,4860834746.37497,1531424.25569035,2ae19629-14a4-13a3-e055-000000000001,916,963,988,1030,1042,1079,1163,1137,1224,1222,1277,1330,1332,1377,1329,1271,1292,1236,1175,930,4328,3692,4360,5112,5908,5889,5794,5272,4681,4500,3877,3044,1832,1193,82795,881,918,983,1044,1047,1095,1061,1075,1095,1169,1233,1254,1292,1255,1281,1202,1149,1130,1110,883,4044,3744,4772,5635,6386,6040,5841,5474,5019,4380,3894,2992,1984,1927,84289,1797,1881,1971,2074,2089,2174,2224,2212,2319,2391,2510,2584,2624,2632,2610,2473,2441,2366,2285,1813,8372,7436,9132,10747,12294,11929,11635,10746,9700,8880,7771,6036,3816,3120,167084,3
2ae19629-148f-13a3-e055-000000000001,LK,LK,ADMINISTRATIVE_COUNTIES_2019,2ae19629-148f-13a3-e055-000000000001,LIMERICK CITY AND COUNTY COUNCIL,LK,LIMERICK,Luimneach,Munster,IE051,Mid-West,IE05,Southern,IE0,Ireland,105084,104452,209536,76756,1315,651,6641,85363,2755,Sq KM,2754815219.68509,379403.985873808,2ae19629-148f-13a3-e055-000000000001,1116,1148,1243,1193,1240,1294,1304,1332,1408,1462,1476,1492,1521,1516,1453,1409,1436,1391,1396,1467,6955,6222,6395,7352,7942,7536,6915,6157,5732,5183,4432,3182,1874,1278,104452,1049,1087,1130,1159,1227,1190,1317,1271,1362,1363,1392,1487,1362,1435,1445,1335,1291,1224,1305,1422,6727,6291,6675,7900,8191,7340,6601,6171,5696,5119,4531,3578,2319,2092,105084,2165,2235,2373,2352,2467,2484,2621,2603,2770,2825,2868,2979,2883,2951,2898,2744,2727,2615,2701,2889,13682,12513,13070,15252,16133,14876,13516,12328,11428,10302,8963,6760,4193,3370,209536,4
2ae19629-1493-13a3-e055-000000000001,MO,MO,ADMINISTRATIVE_COUNTIES_2019,2ae19629-1493-13a3-e055-000000000001,MAYO COUNTY COUNCIL,MO,MAYO,Maigh Eo,Connacht,IE042,West,IE04,Northern and Western,IE0,Ireland,69578,68392,137970,52421,952,5987,8922,68282,5587,Sq KM,5586563024.39868,1525069.56716814,2ae19629-1493-13a3-e055-000000000001,790,776,795,814,842,880,917,924,931,978,968,1015,1000,969,974,929,945,946,873,734,3168,2930,3582,4442,4774,4647,4650,4559,4387,4157,3699,2683,1552,1162,68392,730,790,731,743,751,832,847,874,861,908,939,960,962,919,942,911,933,885,876,684,3100,2886,3810,4749,5215,4792,4689,4669,4515,4144,3602,2618,1792,1919,69578,1520,1566,1526,1557,1593,1712,1764,1798,1792,1886,1907,1975,1962,1888,1916,1840,1878,1831,1749,1418,6268,5816,7392,9191,9989,9439,9339,9228,8902,8301,7301,5301,3344,3081,137970,5
2ae19629-149d-13a3-e055-000000000001,CN,CN,ADMINISTRATIVE_COUNTIES_2019,2ae19629-149d-13a3-e055-000000000001,CAVAN COUNTY COUNCIL,CN,CAVAN,An Cabhán,Ulster,IE041,Border,IE04,Northern and Western,IE0,Ireland,40644,41060,81704,28890,440,1074,4023,34427,1931,Sq KM,1931226407.01291,368053.326201194,2ae19629-149d-13a3-e055-000000000001,505,527,541,560,555,599,585,607,602,687,651,704,645,709,641,628,611,596,574,479,2203,1999,2273,2870,3105,2830,2789,2590,2265,1998,1681,1178,712,561,41060,501,477,520,525,492,544,591,555,615,602,661,624,672,634,621,643,550,590,533,436,2029,1912,2414,3106,3229,2859,2695,2451,2192,1961,1591,1221,744,854,40644,1006,1004,1061,1085,1047,1143,1176,1162,1217,1289,1312,1328,1317,1343,1262,1271,1161,1186,1107,915,4232,3911,4687,5976,6334,5689,5484,5041,4457,3959,3272,2399,1456,1415,81704,6
2ae19629-14a7-13a3-e055-000000000001,KE,KE,ADMINISTRATIVE_COUNTIES_2019,2ae19629-14a7-13a3-e055-000000000001,KILDARE COUNTY COUNCIL,KE,KILDARE,Cill Dara,Leinster,IE062,Mid-East,IE06,Eastern and Midland,IE0,Ireland,124510,123264,247774,82787,1480,202,4528,88997,1694,Sq KM,1694186405.58243,292290.330654752,2ae19629-14a7-13a3-e055-000000000001,1550,1535,1543,1611,1704,1692,1784,1879,1926,1939,1985,2127,2057,2058,2037,1933,1803,1884,1888,1744,7650,6428,7315,9266,10516,9700,8672,7091,5785,4925,3955,2943,1396,943,123264,1455,1452,1559,1509,1563,1604,1722,1776,1773,1893,1890,1954,1984,1909,1907,1817,1713,1734,1708,1746,7158,6524,8078,10248,10933,9862,8419,7209,5853,5138,4182,2960,1717,1561,124510,3005,2987,3102,3120,3267,3296,3506,3655,3699,3832,3875,4081,4041,3967,3944,3750,3516,3618,3596,3490,14808,12952,15393,19514,21449,19562,17091,14300,11638,10063,8137,5903,3113,2504,247774,7
2ae19629-14a6-13a3-e055-000000000001,KY,KY,ADMINISTRATIVE_COUNTIES_2019,2ae19629-14a6-13a3-e055-000000000001,KERRY COUNTY COUNCIL,KY,KERRY,Ciarraí,Munster,IE053,South-West,IE05,Southern,IE0,Ireland,79071,77387,156458,58798,1124,8896,8487,77305,4805,Sq KM,4805097206.60768,1274237.88665783,2ae19629-14a6-13a3-e055-000000000001,822,811,848,867,876,938,945,1011,957,1071,1043,1042,1165,1107,1102,1092,988,1057,985,880,3937,3551,3990,4855,5825,5625,5583,5147,4936,4547,4019,3004,1653,1108,77387,843,739,803,847,844,935,903,946,919,1000,1023,1074,1090,1087,1098,1036,1019,1046,943,798,3846,3496,4281,5605,6162,5720,5451,5262,5019,4552,3904,3048,1928,1804,79071,1665,1550,1651,1714,1720,1873,1848,1957,1876,2071,2066,2116,2255,2194,2200,2128,2007,2103,1928,1678,7783,7047,8271,10460,11987,11345,11034,10409,9955,9099,7923,6052,3581,2912,156458,8
2ae19629-149e-13a3-e055-000000000001,WW,WW,ADMINISTRATIVE_COUNTIES_2019,2ae19629-149e-13a3-e055-000000000001,WICKLOW COUNTY COUNCIL,WW,WICKLOW,Cill Mhantáin,Leinster,IE062,Mid-East,IE06,Eastern and Midland,IE0,Ireland,79287,76564,155851,54246,1063,986,3334,59629,2025,Sq KM,2025318992.39435,307673.341111477,2ae19629-149e-13a3-e055-000000000001,910,862,906,976,1010,1063,1090,1152,1132,1203,1183,1247,1261,1294,1246,1195,1077,1168,997,965,4193,3439,4000,5162,6178,5959,5399,4841,4267,3524,3053,2374,1336,902,76564,800,820,890,886,887,1013,1026,1045,1105,1161,1139,1292,1264,1153,1238,1125,1054,1064,1015,900,3748,3628,4526,6017,6822,6150,5528,5086,4433,3753,3211,2509,1557,1442,79287,1710,1682,1796,1862,1897,2076,2116,2197,2237,2364,2322,2539,2525,2447,2484,2320,2131,2232,2012,1865,7941,7067,8526,11179,13000,12109,10927,9927,8700,7277,6264,4883,2893,2344,155851,9
2ae19629-148e-13a3-e055-000000000001,LM,LM,ADMINISTRATIVE_COUNTIES_2019,2ae19629-148e-13a3-e055-000000000001,LEITRIM COUNTY COUNCIL,LM,LEITRIM,Liatroim,Connacht,IE041,Border,IE04,Northern and Western,IE0,Ireland,17646,17553,35199,13713,258,1704,2807,18482,1588,Sq KM,1587955034.35114,314059.04402584,2ae19629-148e-13a3-e055-000000000001,200,204,224,240,223,229,232,254,254,284,245,266,256,259,265,265,265,270,229,162,825,734,847,1111,1280,1236,1223,1153,1094,1053,878,641,370,282,17553,204,202,229,192,227,218,236,239,255,258,257,265,276,238,230,263,229,226,220,167,719,701,1023,1206,1358,1244,1239,1152,1024,1036,839,629,415,430,17646,404,406,453,432,450,447,468,493,509,542,502,531,532,497,495,528,494,496,449,329,1544,1435,1870,2317,2638,2480,2462,2305,2118,2089,1717,1270,785,712,35199,10
2ae19629-1498-13a3-e055-000000000001,SO,SO,ADMINISTRATIVE_COUNTIES_2019,2ae19629-1498-13a3-e055-000000000001,SLIGO COUNTY COUNCIL,SO,SLIGO,Sligeach,Connacht,IE041,Border,IE04,Northern and Western,IE0,Ireland,35669,34529,70198,27146,578,2033,3954,33711,1837,Sq KM,1836802124.37463,482579.886390199,2ae19629-1498-13a3-e055-000000000001,376,383,404,420,412,427,423,508,481,512,553,497,521,480,525,512,461,481,435,419,2025,1649,1720,2268,2529,2383,2307,2201,2110,1892,1722,1214,720,559,34529,367,383,360,405,408,392,401,426,461,448,465,459,506,503,467,442,455,452,462,503,2014,1643,1924,2484,2664,2541,2278,2316,2244,2037,1698,1351,832,878,35669,743,766,764,825,820,819,824,934,942,960,1018,956,1027,983,992,954,916,933,897,922,4039,3292,3644,4752,5193,4924,4585,4517,4354,3929,3420,2565,1552,1437,70198,11
2ae19629-148d-13a3-e055-000000000001,LS,LS,ADMINISTRATIVE_COUNTIES_2019,2ae19629-148d-13a3-e055-000000000001,LAOIS COUNTY COUNCIL,LS,LAOIS,Laois,Leinster,IE063,Midlands,IE06,Eastern and Midland,IE0,Ireland,45599,46278,91877,31196,475,196,2576,34443,1719,Sq KM,1719127016.89493,271474.67442026,2ae19629-148d-13a3-e055-000000000001,555,517,605,648,643,641,698,713,723,780,793,824,818,788,790,747,680,703,665,593,2562,2267,2624,3506,3798,3396,3226,2711,2412,2013,1605,1157,643,434,46278,545,491,564,571,577,607,630,696,723,655,769,729,807,745,763,727,633,718,634,537,2370,2145,2773,3811,3954,3428,2982,2626,2263,1946,1529,1246,727,678,45599,1100,1008,1169,1219,1220,1248,1328,1409,1446,1435,1562,1553,1625,1533,1553,1474,1313,1421,1299,1130,4932,4412,5397,7317,7752,6824,6208,5337,4675,3959,3134,2403,1370,1112,91877,12
2ae19629-149b-13a3-e055-000000000001,WH,WH,ADMINISTRATIVE_COUNTIES_2019,2ae19629-149b-13a3-e055-000000000001,WESTMEATH COUNTY COUNCIL,WH,WESTMEATH,An Iarmhí,Leinster,IE063,Midlands,IE06,Eastern and Midland,IE0,Ireland,48500,47721,96221,34133,628,333,3095,38189,1838,Sq KM,1838317384.04819,286856.670286595,2ae19629-149b-13a3-e055-000000000001,594,556,576,590,599,659,684,654,700,748,715,770,752,743,733,703,713,685,641,585,2820,2575,2844,3522,3612,3397,3229,2878,2597,2277,1832,1320,792,626,47721,535,602,532,558,609,617,668,677,712,706,690,714,714,683,689,659,635,643,623,532,2614,2600,3068,3781,3848,3472,3224,3002,2571,2311,1838,1495,934,944,48500,1129,1158,1108,1148,1208,1276,1352,1331,1412,1454,1405,1484,1466,1426,1422,1362,1348,1328,1264,1117,5434,5175,5912,7303,7460,6869,6453,5880,5168,4588,3670,2815,1726,1570,96221,13
2ae19629-149f-13a3-e055-000000000001,DR,DR,ADMINISTRATIVE_COUNTIES_2019,2ae19629-149f-13a3-e055-000000000001,DUN LAOGHAIRE-RATHDOWN COUNTY COUNCIL,DR,DUBLIN,Baile Átha Cliath,Leinster,IE061,Dublin,IE06,Eastern and Midland,IE0,Ireland,121828,112032,233860,85590,2372,444,4851,93257,127,Sq KM,126573784.53418,66998.0332306299,2ae19629-149f-13a3-e055-000000000001,1269,1245,1251,1304,1380,1442,1485,1505,1517,1454,1586,1536,1561,1544,1453,1392,1381,1374,1427,1577,7696,7383,7467,7871,8574,7615,6996,6441,5833,4980,4242,3605,2554,2092,112032,1188,1192,1238,1309,1278,1426,1394,1469,1468,1550,1449,1484,1430,1432,1464,1383,1352,1398,1511,1659,8324,7547,7942,8598,9224,8069,7635,7468,6502,5762,5103,4537,3458,3585,121828,2457,2437,2489,2613,2658,2868,2879,2974,2985,3004,3035,3020,2991,2976,2917,2775,2733,2772,2938,3236,16020,14930,15409,16469,17798,15684,14631,13909,12335,10742,9345,8142,6012,5677,233860,14
2ae19629-14a2-13a3-e055-000000000001,CE,CE,ADMINISTRATIVE_COUNTIES_2019,2ae19629-14a2-13a3-e055-000000000001,CLARE COUNTY COUNCIL,CE,CLARE,An Clár,Munster,IE051,Mid-West,IE05,Southern,IE0,Ireland,65021,62917,127938,46784,881,4921,5079,57665,3449,Sq KM,3448695594.36475,494504.696619372,2ae19629-14a2-13a3-e055-000000000001,686,656,729,723,739,821,867,858,869,933,914,908,984,960,954,981,903,954,860,829,3539,2991,3204,3974,4578,4619,4504,4157,3787,3320,2887,2157,1214,858,62917,691,704,744,745,766,799,789,805,801,873,960,913,999,914,894,907,947,890,830,821,3419,3001,3459,4438,5092,4847,4710,4297,3745,3307,2964,2257,1359,1334,65021,1377,1360,1473,1468,1505,1620,1656,1663,1670,1806,1874,1821,1983,1874,1848,1888,1850,1844,1690,1650,6958,5992,6663,8412,9670,9466,9214,8454,7532,6627,5851,4414,2573,2192,127938,15
2ae19629-149c-13a3-e055-000000000001,WX,WX,ADMINISTRATIVE_COUNTIES_2019,2ae19629-149c-13a3-e055-000000000001,WEXFORD COUNTY COUNCIL,WX,WEXFORD,Loch Garman,Leinster,IE052,South-East,IE05,Southern,IE0,Ireland,83142,80777,163919,59367,1014,5958,5140,71479,2370,Sq KM,2370004951.43723,404450.744629235,2ae19629-149c-13a3-e055-000000000001,910,846,914,961,1020,1022,1107,1164,1188,1235,1266,1220,1215,1338,1213,1191,1197,1204,1142,941,4302,3839,4510,5142,6000,5772,5711,5201,4755,4218,3612,2684,1664,1073,80777,882,878,921,903,921,1000,1058,1069,1104,1119,1107,1190,1228,1283,1200,1170,1108,1062,1084,872,4127,4026,4897,5918,6601,6009,5753,5569,4931,4199,3604,2842,1806,1701,83142,1792,1724,1835,1864,1941,2022,2165,2233,2292,2354,2373,2410,2443,2621,2413,2361,2305,2266,2226,1813,8429,7865,9407,11060,12601,11781,11464,10770,9686,8417,7216,5526,3470,2774,163919,16
2ae19629-1435-13a3-e055-000000000001,GC,GC,ADMINISTRATIVE_COUNTIES_2019,2ae19629-1435-13a3-e055-000000000001,GALWAY CITY COUNCIL,GC,GALWAY,Gaillimh,Connacht,IE042,West,IE04,Northern and Western,IE0,Ireland,44000,40414,84414,31221,763,714,2738,35436,51,Sq KM,50710539.338501,60735.8435967441,2ae19629-1435-13a3-e055-000000000001,405,362,406,410,412,437,449,460,443,477,450,491,443,511,456,444,419,438,512,758,4350,3730,3296,3153,3356,2702,2275,1972,1718,1515,1219,951,560,434,40414,387,395,386,389,418,412,406,433,480,465,438,480,438,468,425,433,443,416,521,1006,5171,3804,3478,3485,3311,2920,2389,2195,1963,1773,1454,1207,858,753,44000,792,757,792,799,830,849,855,893,923,942,888,971,881,979,881,877,862,854,1033,1764,9521,7534,6774,6638,6667,5622,4664,4167,3681,3288,2673,2158,1418,1187,84414,17
2ae19629-14a0-13a3-e055-000000000001,FL,FL,ADMINISTRATIVE_COUNTIES_2019,2ae19629-14a0-13a3-e055-000000000001,FINGAL COUNTY COUNCIL,FL,DUBLIN,Baile Átha Cliath,Leinster,IE061,Dublin,IE06,Eastern and Midland,IE0,Ireland,167974,162532,330506,107920,2113,441,4884,115358,458,Sq KM,458378244.766113,228852.370745165,2ae19629-14a0-13a3-e055-000000000001,2059,1987,2196,2223,2275,2387,2502,2577,2752,2775,2938,2807,3013,2830,2714,2528,2293,2371,2221,2167,9766,9077,10382,12795,14740,13360,10734,8365,6871,5616,4685,3448,1897,1181,162532,1950,1907,2112,2161,2147,2252,2361,2476,2608,2625,2736,2660,2779,2655,2584,2420,2238,2195,2252,2191,9331,9166,11546,14415,15653,13683,10883,8807,7464,6252,5275,3969,2230,1991,167974,4009,3894,4308,4384,4422,4639,4863,5053,5360,5400,5674,5467,5792,5485,5298,4948,4531,4566,4473,4358,19097,18243,21928,27210,30393,27043,21617,17172,14335,11868,9960,7417,4127,3172,330506,18
2ae19629-1490-13a3-e055-000000000001,LD,LD,ADMINISTRATIVE_COUNTIES_2019,2ae19629-1490-13a3-e055-000000000001,LONGFORD COUNTY COUNCIL,LD,LONGFORD,An Longfort,Leinster,IE063,Midlands,IE06,Eastern and Midland,IE0,Ireland,23302,23449,46751,16270,209,378,2338,19195,1091,Sq KM,1091145997.98608,211044.387345492,2ae19629-1490-13a3-e055-000000000001,257,244,301,283,276,347,337,331,348,390,367,391,381,385,372,384,340,331,337,287,1353,1119,1314,1572,1908,1726,1567,1405,1240,1115,1030,721,398,292,23449,270,238,243,300,283,299,287,345,313,356,361,343,350,378,352,358,327,314,272,276,1175,1174,1435,1775,1914,1692,1538,1338,1220,1120,958,774,435,489,23302,527,482,544,583,559,646,624,676,661,746,728,734,731,763,724,742,667,645,609,563,2528,2293,2749,3347,3822,3418,3105,2743,2460,2235,1988,1495,833,781,46751,19
2ae19629-14a5-13a3-e055-000000000001,GY,GY,ADMINISTRATIVE_COUNTIES_2019,2ae19629-14a5-13a3-e055-000000000001,GALWAY COUNTY COUNCIL,GY,GALWAY,Gaillimh,Connacht,IE042,West,IE04,Northern and Western,IE0,Ireland,96803,96520,193323,68194,1054,4286,8803,82337,6098,Sq KM,6098023611.75046,1730625.94896394,2ae19629-14a5-13a3-e055-000000000001,1176,1135,1188,1247,1354,1326,1359,1368,1507,1545,1556,1491,1530,1568,1538,1381,1519,1457,1332,1212,4822,3947,4730,6248,7506,7265,6787,6140,5552,5024,4241,3071,1997,1401,96520,1073,1082,1161,1191,1189,1286,1361,1291,1408,1345,1418,1487,1413,1471,1506,1394,1444,1329,1214,1039,4233,3893,5286,6966,7982,7542,6812,6056,5503,4929,4166,3062,2043,2228,96803,2249,2217,2349,2438,2543,2612,2720,2659,2915,2890,2974,2978,2943,3039,3044,2775,2963,2786,2546,2251,9055,7840,10016,13214,15488,14807,13599,12196,11055,9953,8407,6133,4040,3629,193323,20
2ae19629-1494-13a3-e055-000000000001,MH,MH,ADMINISTRATIVE_COUNTIES_2019,2ae19629-1494-13a3-e055-000000000001,MEATH COUNTY COUNCIL,MH,MEATH,An Mhí,Leinster,IE062,Mid-East,IE06,Eastern and Midland,IE0,Ireland,110838,109988,220826,72721,1291,331,4416,78759,2342,Sq KM,2341986049.05203,386726.785268166,2ae19629-1494-13a3-e055-000000000001,1406,1403,1463,1539,1578,1601,1588,1774,1881,1805,1956,1978,1964,1897,1841,1771,1705,1613,1593,1507,6525,5185,6206,7988,9061,8710,7792,6537,5176,4338,3590,2576,1459,982,109988,1368,1235,1388,1389,1448,1520,1628,1665,1712,1832,1800,1920,1912,1888,1853,1729,1570,1582,1496,1385,5754,5166,6972,8816,9757,8848,7629,6274,5188,4394,3728,2772,1661,1559,110838,2774,2638,2851,2928,3026,3121,3216,3439,3593,3637,3756,3898,3876,3785,3694,3500,3275,3195,3089,2892,12279,10351,13178,16804,18818,17558,15421,12811,10364,8732,7318,5348,3120,2541,220826,21
2ae19629-1492-13a3-e055-000000000001,CW,CW,ADMINISTRATIVE_COUNTIES_2019,2ae19629-1492-13a3-e055-000000000001,CARLOW COUNTY COUNCIL,CW,CARLOW,Ceatharlach,Leinster,IE052,South-East,IE05,Southern,IE0,Ireland,31146,30822,61968,22282,267,284,1724,24557,896,Sq KM,896246590.935059,220331.258392403,2ae19629-1492-13a3-e055-000000000001,346,347,355,376,376,384,383,434,415,447,475,514,441,484,486,432,431,463,437,446,2000,1666,1804,2153,2444,2227,2065,1883,1636,1443,1242,916,530,341,30822,353,302,334,378,369,365,367,455,404,435,446,450,467,459,465,411,442,414,466,381,1781,1626,1910,2377,2463,2325,2060,1923,1686,1468,1239,923,655,547,31146,699,649,689,754,745,749,750,889,819,882,921,964,908,943,951,843,873,877,903,827,3781,3292,3714,4530,4907,4552,4125,3806,3322,2911,2481,1839,1185,888,61968,22
2ae19629-1495-13a3-e055-000000000001,MN,MN,ADMINISTRATIVE_COUNTIES_2019,2ae19629-1495-13a3-e055-000000000001,MONAGHAN COUNTY COUNCIL,MN,MONAGHAN,Muineachán,Ulster,IE041,Border,IE04,Northern and Western,IE0,Ireland,32394,32894,65288,22944,373,229,2793,26339,1294,Sq KM,1294142738.63217,293371.371475452,2ae19629-1495-13a3-e055-000000000001,445,435,434,488,449,434,482,510,515,533,544,505,532,518,562,474,462,496,404,412,1788,1631,1800,2265,2454,2361,2166,1923,1829,1664,1380,1034,538,427,32894,423,386,436,412,424,448,513,458,476,457,490,502,525,532,462,487,449,480,395,322,1526,1483,1923,2402,2512,2288,2036,1968,1825,1561,1389,1017,681,706,32394,868,821,870,900,873,882,995,968,991,990,1034,1007,1057,1050,1024,961,911,976,799,734,3314,3114,3723,4667,4966,4649,4202,3891,3654,3225,2769,2051,1219,1133,65288,23
2ae19629-14a1-13a3-e055-000000000001,SD,SD,ADMINISTRATIVE_COUNTIES_2019,2ae19629-14a1-13a3-e055-000000000001,SOUTH DUBLIN COUNTY COUNCIL,SD,DUBLIN,Baile Átha Cliath,Leinster,IE061,Dublin,IE06,Eastern and Midland,IE0,Ireland,153829,147246,301075,100460,1634,81,3899,106074,223,Sq KM,223423151.082397,91840.6660709016,2ae19629-14a1-13a3-e055-000000000001,1855,1922,1867,1997,2002,2107,2141,2302,2320,2298,2527,2382,2459,2373,2359,2147,2104,2078,2022,2041,9431,8746,9539,11523,12696,10626,9057,7511,6769,5928,5326,3516,1949,1326,147246,1689,1751,1867,1859,1868,1946,2057,2092,2183,2224,2270,2350,2396,2304,2222,2126,1978,2034,1949,1911,9109,9002,10742,12797,13429,11007,9167,8166,7545,7054,6038,4130,2475,2092,153829,3544,3673,3734,3856,3870,4053,4198,4394,4503,4522,4797,4732,4855,4677,4581,4273,4082,4112,3971,3952,18540,17748,20281,24320,26125,21633,18224,15677,14314,12982,11364,7646,4424,3418,301075,24
2ae19629-1499-13a3-e055-000000000001,TY,TY,ADMINISTRATIVE_COUNTIES_2019,2ae19629-1499-13a3-e055-000000000001,TIPPERARY COUNTY COUNCIL,TY,TIPPERARY,Tiobraid Árann,Munster,IE051,Mid-West,IE05,Southern,IE0,Ireland,84256,83639,167895,62342,829,1093,6344,70608,4303,Sq KM,4303406552.89331,511140.952989133,2ae19629-1499-13a3-e055-000000000001,1017,936,957,1029,1074,1083,1123,1148,1158,1127,1290,1268,1346,1256,1263,1250,1160,1240,1089,930,4526,4019,4384,5272,6134,6098,5713,5601,4989,4606,3798,2840,1647,1268,83639,915,872,879,1019,998,987,1079,1088,1156,1140,1185,1163,1225,1246,1259,1178,1152,1216,1046,846,4239,3876,4741,5944,6417,6088,5673,5456,4976,4368,3838,3022,1970,1999,84256,1932,1808,1836,2048,2072,2070,2202,2236,2314,2267,2475,2431,2571,2502,2522,2428,2312,2456,2135,1776,8765,7895,9125,11216,12551,12186,11386,11057,9965,8974,7636,5862,3617,3267,167895,25
2ae19629-1434-13a3-e055-000000000001,CC,CC,ADMINISTRATIVE_COUNTIES_2019,2ae19629-1434-13a3-e055-000000000001,CORK CITY COUNCIL,CC,CORK,Corcaigh,Munster,IE053,South-West,IE05,Southern,IE0,Ireland,114268,109736,224004,83877,1977,192,5061,91107,187,Sq KM,186595047.903015,78846.5641282188,2ae19629-1434-13a3-e055-000000000001,1159,1148,1144,1188,1142,1176,1268,1369,1270,1346,1295,1393,1356,1292,1271,1323,1219,1225,1360,1674,8569,8667,8466,8596,8397,7376,6704,6448,5714,4726,4019,3085,1971,1380,109736,1124,1136,1162,1106,1101,1186,1228,1195,1246,1271,1285,1302,1334,1302,1270,1228,1202,1222,1288,1731,9084,8624,8864,9007,8618,7359,6813,6694,6195,4988,4385,3613,2632,2473,114268,2283,2284,2306,2294,2243,2362,2496,2564,2516,2617,2580,2695,2690,2594,2541,2551,2421,2447,2648,3405,17653,17291,17330,17603,17015,14735,13517,13142,11909,9714,8404,6698,4603,3853,224004,26
2ae19629-1496-13a3-e055-000000000001,OY,OY,ADMINISTRATIVE_COUNTIES_2019,2ae19629-1496-13a3-e055-000000000001,OFFALY COUNTY COUNCIL,OY,OFFALY,Uíbh Fhailí,Leinster,IE063,Midlands,IE06,Eastern and Midland,IE0,Ireland,41522,41628,83150,28773,374,213,2491,31851,2000,Sq KM,2000037638.00461,383278.201694683,2ae19629-1496-13a3-e055-000000000001,481,491,489,531,519,569,557,620,638,610,643,659,681,694,687,655,600,638,637,545,2362,2065,2284,2775,3133,3090,2811,2594,2328,2035,1703,1230,702,572,41628,454,446,456,478,488,530,522,618,578,600,650,608,619,662,589,597,566,524,584,473,2207,2072,2473,2986,3391,2982,2770,2544,2339,1978,1736,1315,850,837,41522,935,937,945,1009,1007,1099,1079,1238,1216,1210,1293,1267,1300,1356,1276,1252,1166,1162,1221,1018,4569,4137,4757,5761,6524,6072,5581,5138,4667,4013,3439,2545,1552,1409,83150,27
2ae19629-1491-13a3-e055-000000000001,LH,LH,ADMINISTRATIVE_COUNTIES_2019,2ae19629-1491-13a3-e055-000000000001,LOUTH COUNTY COUNCIL,LH,LOUTH,Lú,Leinster,IE062,Mid-East,IE06,Eastern and Midland,IE0,Ireland,70796,68907,139703,49533,946,781,3582,54842,827,Sq KM,826770247.405365,245459.832110281,2ae19629-1491-13a3-e055-000000000001,852,809,901,816,918,897,987,1014,1048,1063,1096,1120,1098,1190,1089,1110,1052,1032,999,894,4335,3570,4051,4657,5325,5044,4918,4184,3542,3042,2486,1880,1168,720,68907,848,722,793,787,814,896,935,936,1011,1061,1029,1066,1113,1113,1072,1030,1019,1009,953,876,4059,3649,4417,5341,5801,5281,4876,4149,3538,3036,2669,2194,1382,1321,70796,1700,1531,1694,1603,1732,1793,1922,1950,2059,2124,2125,2186,2211,2303,2161,2140,2071,2041,1952,1770,8394,7219,8468,9998,11126,10325,9794,8333,7080,6078,5155,4074,2550,2041,139703,28
2ae19629-14a8-13a3-e055-000000000001,KK,KK,ADMINISTRATIVE_COUNTIES_2019,2ae19629-14a8-13a3-e055-000000000001,KILKENNY COUNTY COUNCIL,KK,KILKENNY,Cill Chainnigh,Leinster,IE052,South-East,IE05,Southern,IE0,Ireland,52277,51883,104160,36821,488,547,3140,40996,2071,Sq KM,2071112621.8667,281185.480016611,2ae19629-14a8-13a3-e055-000000000001,570,576,620,606,616,693,763,711,781,756,847,800,825,843,855,828,783,726,715,562,2738,2491,2847,3355,3987,3927,3521,3307,3005,2661,2250,1640,984,694,51883,553,545,559,597,618,644,669,756,702,773,771,809,775,769,692,760,673,739,699,563,2419,2554,2942,3801,4093,3959,3572,3376,3068,2577,2159,1758,1126,1207,52277,1123,1121,1179,1203,1234,1337,1432,1467,1483,1529,1618,1609,1600,1612,1547,1588,1456,1465,1414,1125,5157,5045,5789,7156,8080,7886,7093,6683,6073,5238,4409,3398,2110,1901,104160,29
2ae19629-1433-13a3-e055-000000000001,DC,DC,ADMINISTRATIVE_COUNTIES_2019,2ae19629-1433-13a3-e055-000000000001,DUBLIN CITY COUNCIL,DC,DUBLIN,Baile Átha Cliath,Leinster,IE061,Dublin,IE06,Eastern and Midland,IE0,Ireland,300917,291796,592713,226912,4906,790,18024,250632,118,Sq KM,117643090.082672,95907.4223081838,2ae19629-1433-13a3-e055-000000000001,3188,2937,3035,2875,2869,2793,2934,3021,3095,3040,3147,3053,3236,3064,2806,2713,2750,2906,3143,3669,22028,29364,29767,26139,23246,19117,17493,15562,13653,11066,9055,6891,4460,3681,291796,3025,2762,2795,2705,2755,2782,2879,2891,2991,2930,3027,3003,3048,2975,2942,2729,2658,2734,3291,3676,23879,29694,29466,25556,22909,18791,17622,16015,14172,11817,10228,8276,6493,7401,300917,6213,5699,5830,5580,5624,5575,5813,5912,6086,5970,6174,6056,6284,6039,5748,5442,5408,5640,6434,7345,45907,59058,59233,51695,46155,37908,35115,31577,27825,22883,19283,15167,10953,11082,592713,30
2ae19629-14a3-13a3-e055-000000000001,CK,CK,ADMINISTRATIVE_COUNTIES_2019,2ae19629-14a3-13a3-e055-000000000001,CORK COUNTY COUNCIL,CK,CORK,Corcaigh,Munster,IE053,South-West,IE05,Southern,IE0,Ireland,181043,179109,360152,128411,2178,7252,11994,149835,7314,Sq KM,7313802023.91202,1733973.91052496,2ae19629-14a3-13a3-e055-000000000001,2135,2070,2184,2260,2358,2406,2638,2737,2785,2802,2821,2979,3072,2936,2855,2795,2609,2674,2443,2259,9196,7745,9136,11826,14214,13961,12724,11553,9987,8758,7452,5389,3035,2315,179109,2055,2045,2106,2177,2262,2347,2434,2605,2625,2699,2831,2873,2829,2897,2779,2629,2562,2431,2343,1971,8365,7774,10132,13355,15271,14069,12517,11164,9656,8678,7425,5765,3658,3714,181043,4190,4115,4290,4437,4620,4753,5072,5342,5410,5501,5652,5852,5901,5833,5634,5424,5171,5105,4786,4230,17561,15519,19268,25181,29485,28030,25241,22717,19643,17436,14877,11154,6693,6029,360152,31
